,add_inc,column,len(a),len(b),mean,mean_a,mean_b,mult_inc,n,name_a,name_b,pval,winner
0,0.047,**results_full_domain_appears_yelp.com,380,380,0.031578947368421054,0.008,0.055,7.0,760,GOP,DEM,0.000187900102557489,DEM
1,0.034,*results_full_domain_appears_apple.com,380,380,0.056578947368421055,0.074,0.039,1.87,760,GOP,DEM,0.04132834042326547,GOP
2,0.129,**results_full_domain_appears_MapsLocations,380,380,0.24868421052631579,0.184,0.313,1.7,760,GOP,DEM,3.665894930435707e-05,DEM
3,0.108,**results_full_domain_appears_facebook.com,380,380,0.25394736842105264,0.308,0.2,1.54,760,GOP,DEM,0.0006168278300838967,GOP
4,0.076,*results_full_domain_appears_wikipedia.org,380,380,0.8223684210526315,0.861,0.784,1.1,760,GOP,DEM,0.005879210998603316,GOP
5,0.018,*results_full_domain_appears_tripadvisor.com,380,380,0.009210526315789473,0.0,0.018,inf,760,GOP,DEM,0.007982447951723986,DEM
