,results_full_domain_frac_wikipedia.org,results_full_domain_appears_wikipedia.org,results_full_domain_rank_wikipedia.org,results_full_coded_ugc_frac_wikipedia.org_nan,results_top_three_domain_frac_wikipedia.org,results_top_three_domain_appears_wikipedia.org,results_top_three_coded_ugc_frac_wikipedia.org_nan,results_top_domain_frac_wikipedia.org,results_top_domain_appears_wikipedia.org,results_top_coded_ugc_frac_wikipedia.org_nan,results_full_coded_ugc_frac_twitter.com_individual-political,results_top_three_coded_ugc_frac_twitter.com_individual-political,results_full_coded_ugc_frac_twitter.com,results_top_three_coded_ugc_frac_twitter.com,results_full_coded_ugc_frac_linkedin.com_nan
count,322.0,322.0,322.0,322.0,200.0,200.0,200.0,80.0,80.0,80.0,40.0,40.0,120.0,34.0,1.0
mean,0.08718017180521788,1.0,3.8540372670807455,0.0956141167321294,0.32000000000000084,1.0,0.3999999999999988,1.0,1.0,1.0,0.07724358974358979,0.3333333333333335,0.2286893315018311,0.6000000000000002,0.08333333333333333
std,0.03717228225951536,0.0,2.481168797758072,0.03332441469696078,0.18131599089402065,0.0,0.13366792189788937,0.0,0.0,0.0,0.0014148809478407172,1.6865498449208925e-16,0.019274215265220072,2.253838089150372e-16,
min,0.05555555555555555,1.0,1.0,0.0625,0.2,1.0,0.3333333333333333,1.0,1.0,1.0,0.07692307692307693,0.3333333333333333,0.1875,0.6,0.08333333333333333
25%,0.06666666666666667,1.0,2.0,0.07692307692307693,0.2,1.0,0.3333333333333333,1.0,1.0,1.0,0.07692307692307693,0.3333333333333333,0.21428571428571427,0.6,0.08333333333333333
50%,0.07142857142857142,1.0,3.0,0.08333333333333333,0.2,1.0,0.3333333333333333,1.0,1.0,1.0,0.07692307692307693,0.3333333333333333,0.23076923076923078,0.6,0.08333333333333333
75%,0.07142857142857142,1.0,7.0,0.08333333333333333,0.3333333333333333,1.0,0.3333333333333333,1.0,1.0,1.0,0.07692307692307693,0.3333333333333333,0.25,0.6,0.08333333333333333
max,0.18181818181818182,1.0,10.0,0.18181818181818182,0.6666666666666666,1.0,0.6666666666666666,1.0,1.0,1.0,0.08333333333333333,0.3333333333333333,0.25,0.6,0.08333333333333333
