,results_full_domain_frac_wikipedia.org,results_full_domain_appears_wikipedia.org,results_full_domain_rank_wikipedia.org,results_top_three_domain_frac_wikipedia.org,results_top_three_domain_appears_wikipedia.org,results_top_domain_frac_wikipedia.org,results_top_domain_appears_wikipedia.org,results_full_domain_frac_UserTweetCarousel,results_full_domain_appears_UserTweetCarousel,results_full_domain_rank_UserTweetCarousel
count,322.0,322.0,322.0,200.0,200.0,80.0,80.0,86.0,86.0,86.0
mean,0.08275606234449974,1.0,3.8540372670807455,0.2999999999999999,1.0,1.0,1.0,0.05992497060023509,1.0,4.930232558139535
std,0.039353176530113276,0.0,2.481168797758072,0.1948528056176331,0.0,0.0,0.0,0.0030001796540325286,0.0,1.00341414444906
min,0.05,1.0,1.0,0.16666666666666666,1.0,1.0,1.0,0.05,1.0,4.0
25%,0.0625,1.0,2.0,0.16666666666666666,1.0,1.0,1.0,0.058823529411764705,1.0,4.0
50%,0.06666666666666667,1.0,3.0,0.16666666666666666,1.0,1.0,1.0,0.058823529411764705,1.0,4.0
75%,0.06666666666666667,1.0,7.0,0.3333333333333333,1.0,1.0,1.0,0.0625,1.0,6.0
max,0.18181818181818182,1.0,10.0,0.6666666666666666,1.0,1.0,1.0,0.0625,1.0,6.0
