,results_full_domain_frac_wikipedia.org,results_full_domain_appears_wikipedia.org,results_full_domain_rank_wikipedia.org,results_full_coded_ugc_frac_wikipedia.org_nan,results_top_three_domain_frac_wikipedia.org,results_top_three_domain_appears_wikipedia.org,results_top_three_coded_ugc_frac_wikipedia.org_nan,results_full_coded_ugc_frac_twitter.com,results_top_three_coded_ugc_frac_twitter.com,results_full_coded_ugc_frac_twitter.com_tfo$,results_top_three_coded_ugc_frac_twitter.com_tfo$,results_full_coded_ugc_frac_youtube.com_nan,results_full_coded_ugc_frac_yelp.com_nan
count,200.0,200.0,200.0,200.0,200.0,200.0,200.0,200.0,200.0,200.0,200.0,200.0,200.0
mean,0.025880952380952397,0.215,0.915,0.0261886446886447,0.04166666666666665,0.125,0.04166666666666665,0.02616666666666666,0.021,0.014285714285714282,0.03333333333333332,0.003968253968253967,0.0007692307692307692
std,0.051109777773267494,0.41185326947577977,2.024417528984148,0.051385902121886984,0.11051627487769392,0.3315488246330816,0.11051627487769392,0.08903462020897586,0.11054456342359194,0.04296468918146446,0.10025094142341712,0.022769834048274165,0.007672955944185519
min,0.0,0.0,0.0,0.0,0.0,0.0,0.0,0.0,0.0,0.0,0.0,0.0,0.0
25%,0.0,0.0,0.0,0.0,0.0,0.0,0.0,0.0,0.0,0.0,0.0,0.0,0.0
50%,0.0,0.0,0.0,0.0,0.0,0.0,0.0,0.0,0.0,0.0,0.0,0.0,0.0
75%,0.0,0.0,0.0,0.0,0.0,0.0,0.0,0.0,0.0,0.0,0.0,0.0,0.0
max,0.14285714285714285,1.0,10.0,0.14285714285714285,0.3333333333333333,1.0,0.3333333333333333,0.3333333333333333,0.6,0.14285714285714285,0.3333333333333333,0.14285714285714285,0.07692307692307693
