,results_full_domain_frac_wikipedia.org,results_full_domain_appears_wikipedia.org,results_full_domain_rank_wikipedia.org,results_full_coded_ugc_frac_wikipedia.org_nan,results_top_three_domain_frac_wikipedia.org,results_top_three_domain_appears_wikipedia.org,results_top_three_coded_ugc_frac_wikipedia.org_nan,results_full_domain_frac_facebook.com,results_full_domain_appears_facebook.com,results_full_domain_rank_facebook.com,results_full_coded_ugc_frac_facebook.com_tfo$,results_full_coded_ugc_frac_twitter.com,results_top_three_coded_ugc_frac_twitter.com,results_full_coded_ugc_frac_youtube.com_nan,results_full_coded_ugc_frac_youtube.com_tfo$,results_full_coded_ugc_frac_yelp.com_nan,results_top_three_coded_ugc_frac_yelp.com_nan
count,200.0,200.0,200.0,200.0,200.0,200.0,200.0,200.0,200.0,200.0,200.0,200.0,200.0,200.0,200.0,200.0,200.0
mean,0.03228327228327227,0.3,1.79,0.033546592296592286,0.011,0.055,0.011,0.019916666666666673,0.175,0.895,0.019916666666666673,0.06775000000000002,0.12000000000000006,0.003214285714285714,0.017876984126984127,0.0058472222222222215,0.006999999999999999
std,0.05145614562087294,0.459407527563393,3.0746001088183315,0.05260303509410997,0.0457104718437789,0.22855235921889447,0.0457104718437789,0.0435580491742798,0.38092059869815775,1.9934503307345088,0.0435580491742798,0.1364923869371192,0.24060225941620106,0.020155405865461384,0.045505332720834214,0.030622607385225552,0.05607584398984689
min,0.0,0.0,0.0,0.0,0.0,0.0,0.0,0.0,0.0,0.0,0.0,0.0,0.0,0.0,0.0,0.0,0.0
25%,0.0,0.0,0.0,0.0,0.0,0.0,0.0,0.0,0.0,0.0,0.0,0.0,0.0,0.0,0.0,0.0,0.0
50%,0.0,0.0,0.0,0.0,0.0,0.0,0.0,0.0,0.0,0.0,0.0,0.0,0.0,0.0,0.0,0.0,0.0
75%,0.07142857142857142,1.0,3.0,0.08333333333333333,0.0,0.0,0.0,0.0,0.0,0.0,0.0,0.0,0.0,0.0,0.0,0.0,0.0
max,0.14285714285714285,1.0,10.0,0.14285714285714285,0.2,1.0,0.2,0.125,1.0,8.0,0.125,0.375,0.6,0.14285714285714285,0.14285714285714285,0.25,0.6666666666666666
