,results_full_domain_frac_wikipedia.org,results_full_domain_appears_wikipedia.org,results_full_domain_rank_wikipedia.org,results_full_coded_ugc_frac_wikipedia.org_nan,results_top_three_domain_frac_wikipedia.org,results_top_three_domain_appears_wikipedia.org,results_top_three_coded_ugc_frac_wikipedia.org_nan,results_top_domain_frac_wikipedia.org,results_top_domain_appears_wikipedia.org,results_top_coded_ugc_frac_wikipedia.org_nan,results_full_coded_ugc_frac_youtube.com_ttiz
count,400.0,400.0,400.0,400.0,400.0,400.0,400.0,400.0,400.0,400.0,400.0
mean,0.035239177489177535,0.4175,2.0,0.03626893939393944,0.05500000000000001,0.15,0.05500000000000001,0.015,0.015,0.015,0.004507575757575756
std,0.043299412007412746,0.49376437512781807,2.71632952995181,0.04415410925281498,0.1367054777094031,0.35751859933740626,0.1367054777094031,0.12170468386708932,0.12170468386708932,0.12170468386708932,0.019679252829771336
min,0.0,0.0,0.0,0.0,0.0,0.0,0.0,0.0,0.0,0.0,0.0
25%,0.0,0.0,0.0,0.0,0.0,0.0,0.0,0.0,0.0,0.0,0.0
50%,0.0,0.0,0.0,0.0,0.0,0.0,0.0,0.0,0.0,0.0,0.0
75%,0.08333333333333333,1.0,5.0,0.08333333333333333,0.0,0.0,0.0,0.0,0.0,0.0,0.0
max,0.16666666666666666,1.0,11.0,0.16666666666666666,0.6666666666666666,1.0,0.6666666666666666,1.0,1.0,1.0,0.09090909090909091
