,results_full_domain_frac_wikipedia.org,results_full_domain_appears_wikipedia.org,results_full_domain_rank_wikipedia.org,results_top_three_domain_frac_wikipedia.org,results_top_three_domain_appears_wikipedia.org,results_top_domain_frac_wikipedia.org,results_top_domain_appears_wikipedia.org,results_full_domain_frac_youtube.com,results_full_domain_appears_youtube.com,results_full_domain_rank_youtube.com
count,180.0,180.0,180.0,104.0,104.0,41.0,41.0,34.0,34.0,34.0
mean,0.08461919525645009,1.0,3.4305555555555554,0.26442307692307704,1.0,1.0,1.0,0.1057063851181498,1.0,8.573529411764707
std,0.029910040859829522,0.0,1.3799885523864206,0.08247315578785523,0.0,0.0,0.0,0.04593937373683435,0.0,0.7797858383262604
min,0.05555555555555555,1.0,1.0,0.16666666666666666,1.0,1.0,1.0,0.05555555555555555,1.0,8.0
25%,0.0625,1.0,3.0,0.16666666666666666,1.0,1.0,1.0,0.07692307692307693,1.0,8.0
50%,0.06666666666666667,1.0,3.5,0.3333333333333333,1.0,1.0,1.0,0.07692307692307693,1.0,8.0
75%,0.1,1.0,4.0,0.3333333333333333,1.0,1.0,1.0,0.125,1.0,9.0
max,0.16666666666666666,1.0,9.0,0.3333333333333333,1.0,1.0,1.0,0.1875,1.0,11.0
