,results_full_domain_frac_wikipedia.org,results_full_domain_appears_wikipedia.org,results_full_domain_rank_wikipedia.org,results_full_coded_ugc_frac_wikipedia.org_nan,results_top_three_domain_frac_wikipedia.org,results_top_three_domain_appears_wikipedia.org,results_top_three_coded_ugc_frac_wikipedia.org_nan,results_top_domain_frac_wikipedia.org,results_top_domain_appears_wikipedia.org,results_top_coded_ugc_frac_wikipedia.org_nan,results_full_coded_ugc_frac_twitter.com_nan,results_full_coded_ugc_frac_twitter.com,results_full_domain_frac_youtube.com,results_full_domain_appears_youtube.com,results_full_domain_rank_youtube.com,results_full_coded_ugc_frac_youtube.com_tfoj,results_full_coded_ugc_frac_youtube.com_tfo$,results_full_coded_ugc_frac_youtube.com_tfon
count,200.0,200.0,200.0,200.0,200.0,200.0,200.0,200.0,200.0,200.0,200.0,200.0,200.0,200.0,200.0,200.0,200.0,200.0
mean,0.08084272590154934,0.9,3.13,0.08660506160506143,0.15333333333333304,0.5,0.16666666666666646,0.3,0.3,0.3,0.0025,0.020000000000000004,0.01835897435897436,0.17,1.42,0.009999999999999995,0.004615384615384615,0.0053846153846153835
std,0.04181737763813407,0.3007528242702527,1.844617322190873,0.04276254442629423,0.1582991676088714,0.5012547071170855,0.16708490237236162,0.4594075275633931,0.4594075275633931,0.4594075275633931,0.015651673213169855,0.060150564854050036,0.04469885129043743,0.3765754177135448,3.1517084782159484,0.025934412233948375,0.0183140611232193,0.019675945076794692
min,0.0,0.0,0.0,0.0,0.0,0.0,0.0,0.0,0.0,0.0,0.0,0.0,0.0,0.0,0.0,0.0,0.0,0.0
25%,0.06666666666666667,1.0,1.0,0.07692307692307693,0.0,0.0,0.0,0.0,0.0,0.0,0.0,0.0,0.0,0.0,0.0,0.0,0.0,0.0
50%,0.07417582417582418,1.0,3.5,0.07692307692307693,0.1,0.5,0.16666666666666666,0.0,0.0,0.0,0.0,0.0,0.0,0.0,0.0,0.0,0.0,0.0
75%,0.1,1.0,4.0,0.1,0.3333333333333333,1.0,0.3333333333333333,1.0,1.0,1.0,0.0,0.0,0.0,0.0,0.0,0.0,0.0,0.0
max,0.18181818181818182,1.0,7.0,0.18181818181818182,0.3333333333333333,1.0,0.3333333333333333,1.0,1.0,1.0,0.1,0.2,0.2,1.0,9.5,0.07692307692307693,0.07692307692307693,0.07692307692307693
