,results_full_domain_frac_wikipedia.org,results_full_domain_appears_wikipedia.org,results_full_domain_rank_wikipedia.org,results_full_domain_count_wikipedia.org,results_top_three_domain_frac_wikipedia.org,results_top_three_domain_appears_wikipedia.org,results_top_domain_frac_wikipedia.org,results_top_domain_appears_wikipedia.org,results_full_domain_frac_youtube.com,results_full_domain_appears_youtube.com,results_full_domain_rank_youtube.com,results_full_domain_count_youtube.com
count,180.0,180.0,180.0,180.0,100.0,100.0,60.0,60.0,34.0,34.0,34.0,34.0
mean,0.08688507785643994,1.0,3.477777777777778,1.2222222222222223,0.29999999999999954,1.0,1.0,1.0,0.10407239819004523,1.0,8.352941176470589,1.5294117647058822
std,0.03448155503022024,0.0,1.6020432329290637,0.4168993763562225,0.06700252101728074,0.0,0.0,0.0,0.040741058530208867,0.0,0.48507125007266594,0.7481408924854412
min,0.05263157894736842,1.0,1.0,1.0,0.16666666666666666,1.0,1.0,1.0,0.0625,1.0,8.0,1.0
25%,0.0625,1.0,3.0,1.0,0.3333333333333333,1.0,1.0,1.0,0.07692307692307693,1.0,8.0,1.0
50%,0.07692307692307693,1.0,3.5,1.0,0.3333333333333333,1.0,1.0,1.0,0.07692307692307693,1.0,8.0,1.0
75%,0.1,1.0,4.0,1.0,0.3333333333333333,1.0,1.0,1.0,0.125,1.0,8.5,2.0
max,0.18181818181818182,1.0,7.0,2.0,0.3333333333333333,1.0,1.0,1.0,0.1875,1.0,9.5,3.0
