,results_full_domain_frac_wikipedia.org,results_full_domain_appears_wikipedia.org,results_full_domain_rank_wikipedia.org,results_full_coded_ugc_frac_wikipedia.org_nan,results_top_three_domain_frac_wikipedia.org,results_top_three_domain_appears_wikipedia.org,results_top_three_coded_ugc_frac_wikipedia.org_nan,results_top_domain_frac_wikipedia.org,results_top_domain_appears_wikipedia.org,results_top_coded_ugc_frac_wikipedia.org_nan,results_full_coded_ugc_frac_twitter.com_nan,results_full_domain_frac_youtube.com,results_full_domain_appears_youtube.com,results_full_domain_rank_youtube.com,results_full_coded_ugc_frac_youtube.com_organization-journalistic,results_full_coded_ugc_frac_youtube.com_organization-none,results_full_coded_ugc_frac_youtube.com_nan
count,360.0,360.0,360.0,360.0,202.0,202.0,202.0,80.0,80.0,80.0,3.0,61.0,61.0,61.0,40.0,18.0,21.0
mean,0.08799777496468653,1.0,3.4138888888888888,0.09580229955229959,0.27920792079208023,1.0,0.3333333333333339,1.0,1.0,1.0,0.10000000000000002,0.09964924179003262,1.0,7.590163934426229,0.07692307692307696,0.07727920227920225,0.0987179487179487
std,0.030037544089851917,0.0,1.2515511885624457,0.029067415915496848,0.06563909315756562,0.0,6.12139740822495e-16,0.0,0.0,0.0,1.6996749443881478e-17,0.03881195310228377,0.0,0.9509127050773882,2.8109164082014877e-17,0.0015109119256122789,0.03582868874995416
min,0.058823529411764705,1.0,1.0,0.06666666666666667,0.2,1.0,0.3333333333333333,1.0,1.0,1.0,0.1,0.058823529411764705,1.0,7.0,0.07692307692307693,0.07692307692307693,0.06666666666666667
25%,0.06666666666666667,1.0,3.0,0.07692307692307693,0.2,1.0,0.3333333333333333,1.0,1.0,1.0,0.1,0.07692307692307693,1.0,7.0,0.07692307692307693,0.07692307692307693,0.07692307692307693
50%,0.07142857142857142,1.0,3.5,0.07692307692307693,0.3333333333333333,1.0,0.3333333333333333,1.0,1.0,1.0,0.1,0.07692307692307693,1.0,7.0,0.07692307692307693,0.07692307692307693,0.07692307692307693
75%,0.1,1.0,4.0,0.1,0.3333333333333333,1.0,0.3333333333333333,1.0,1.0,1.0,0.1,0.13333333333333333,1.0,8.5,0.07692307692307693,0.07692307692307693,0.15384615384615385
max,0.15384615384615385,1.0,7.0,0.15384615384615385,0.3333333333333333,1.0,0.3333333333333333,1.0,1.0,1.0,0.1,0.2,1.0,12.0,0.07692307692307693,0.08333333333333333,0.15384615384615385
