,results_full_domain_frac_wikipedia.org,results_full_domain_appears_wikipedia.org,results_full_domain_rank_wikipedia.org,results_full_coded_ugc_frac_wikipedia.org_nan,results_top_three_domain_frac_wikipedia.org,results_top_three_domain_appears_wikipedia.org,results_top_three_coded_ugc_frac_wikipedia.org_nan,results_full_coded_ugc_frac_facebook.com_tfo$,results_full_coded_ugc_frac_twitter.com,results_top_three_coded_ugc_frac_twitter.com,results_full_coded_ugc_frac_twitter.com_tfo$,results_top_three_coded_ugc_frac_twitter.com_tfo$,results_full_coded_ugc_frac_youtube.com_tfo$,results_full_coded_ugc_frac_youtube.com_nan,results_full_coded_ugc_frac_youtube.com_ftiz,results_full_coded_ugc_frac_youtube.com_ttiz,results_full_coded_ugc_frac_yelp.com_nan
count,800.0,800.0,800.0,800.0,800.0,800.0,800.0,800.0,800.0,800.0,800.0,800.0,800.0,800.0,800.0,800.0,800.0
mean,0.03168155108780096,0.36,1.91375,0.03324146339771325,0.0340833333333333,0.10375,0.0340833333333333,0.004708333333333335,0.039458333333333345,0.07500000000000012,0.003549107142857142,0.00833333333333333,0.001208333333333333,0.0001388888888888889,0.0038461538461538446,0.002263257575757575,0.0006923076923076924
std,0.043825186810708384,0.4803002815432928,2.932927465331569,0.045498375794495616,0.1005588265494203,0.3051267202233253,0.1005588265494203,0.021734847208634767,0.1046279191237161,0.19855548431216147,0.02218657863165873,0.05207420654284674,0.011348723057769582,0.00392837100659194,0.024034249173622277,0.014145293354751735,0.008024593578186546
min,0.0,0.0,0.0,0.0,0.0,0.0,0.0,0.0,0.0,0.0,0.0,0.0,0.0,0.0,0.0,0.0,0.0
25%,0.0,0.0,0.0,0.0,0.0,0.0,0.0,0.0,0.0,0.0,0.0,0.0,0.0,0.0,0.0,0.0,0.0
50%,0.0,0.0,0.0,0.0,0.0,0.0,0.0,0.0,0.0,0.0,0.0,0.0,0.0,0.0,0.0,0.0,0.0
75%,0.08333333333333333,1.0,4.0,0.08333333333333333,0.0,0.0,0.0,0.0,0.0,0.0,0.0,0.0,0.0,0.0,0.0,0.0,0.0
max,0.14285714285714285,1.0,11.0,0.14285714285714285,0.3333333333333333,1.0,0.3333333333333333,0.1111111111111111,0.3333333333333333,0.6,0.14285714285714285,0.3333333333333333,0.1111111111111111,0.1111111111111111,0.15384615384615385,0.09090909090909091,0.1
