,results_full_domain_frac_wikipedia.org,results_full_domain_appears_wikipedia.org,results_full_domain_rank_wikipedia.org,results_full_coded_ugc_frac_wikipedia.org_nan,results_top_three_domain_frac_wikipedia.org,results_top_three_domain_appears_wikipedia.org,results_top_three_coded_ugc_frac_wikipedia.org_nan,results_full_coded_ugc_frac_twitter.com,results_top_three_coded_ugc_frac_twitter.com,results_full_coded_ugc_frac_twitter.com_tfo$,results_top_three_coded_ugc_frac_twitter.com_tfo$,results_full_coded_ugc_frac_yelp.com_nan
count,200.0,200.0,200.0,200.0,200.0,200.0,200.0,200.0,200.0,200.0,200.0,200.0
mean,0.027718253968253986,0.255,1.35,0.028487484737484758,0.03333333333333332,0.1,0.03333333333333332,0.032499999999999994,0.059999999999999984,0.014107142857142853,0.03333333333333332,0.0015384615384615385
std,0.04999526379418878,0.43695497278461776,2.6670330569067136,0.05066638578365889,0.10025094142341712,0.30075282427025135,0.10025094142341712,0.09785171497706667,0.18045169456215052,0.0424616080131337,0.10025094142341712,0.010796255230214167
min,0.0,0.0,0.0,0.0,0.0,0.0,0.0,0.0,0.0,0.0,0.0,0.0
25%,0.0,0.0,0.0,0.0,0.0,0.0,0.0,0.0,0.0,0.0,0.0,0.0
50%,0.0,0.0,0.0,0.0,0.0,0.0,0.0,0.0,0.0,0.0,0.0,0.0
75%,0.06666666666666667,1.0,3.0,0.07692307692307693,0.0,0.0,0.0,0.0,0.0,0.0,0.0,0.0
max,0.14285714285714285,1.0,10.0,0.14285714285714285,0.3333333333333333,1.0,0.3333333333333333,0.3333333333333333,0.6,0.14285714285714285,0.3333333333333333,0.07692307692307693
