,results_full_domain_frac_wikipedia.org,results_full_domain_appears_wikipedia.org,results_full_domain_rank_wikipedia.org,results_full_coded_ugc_frac_wikipedia.org_nan,results_top_three_domain_frac_wikipedia.org,results_top_three_domain_appears_wikipedia.org,results_top_three_coded_ugc_frac_wikipedia.org_nan,results_full_domain_frac_youtube.com,results_full_domain_appears_youtube.com,results_full_domain_rank_youtube.com,results_full_coded_ugc_frac_youtube.com_ftiz,results_full_coded_ugc_frac_youtube.com_ttiz
count,400.0,400.0,400.0,400.0,400.0,400.0,400.0,400.0,400.0,400.0,400.0,400.0
mean,0.034628787878787946,0.42,2.0075,0.035654428904428964,0.04999999999999999,0.15,0.04999999999999999,0.011193181818181814,0.1,0.775,0.007692307692307689,0.00452651515151515
std,0.041209707995187854,0.49417661449707384,2.730583080570842,0.04211430458803033,0.11917286644580273,0.35751859933740626,0.11917286644580273,0.03429964764874778,0.30037570459305607,2.392945982714717,0.033571983113229564,0.019758789932946927
min,0.0,0.0,0.0,0.0,0.0,0.0,0.0,0.0,0.0,0.0,0.0,0.0
25%,0.0,0.0,0.0,0.0,0.0,0.0,0.0,0.0,0.0,0.0,0.0,0.0
50%,0.0,0.0,0.0,0.0,0.0,0.0,0.0,0.0,0.0,0.0,0.0,0.0
75%,0.08333333333333333,1.0,5.0,0.08333333333333333,0.0,0.0,0.0,0.0,0.0,0.0,0.0,0.0
max,0.1,1.0,11.0,0.1,0.3333333333333333,1.0,0.3333333333333333,0.13333333333333333,1.0,9.5,0.15384615384615385,0.09090909090909091
