,results_full_domain_frac_wikipedia.org,results_full_domain_appears_wikipedia.org,results_full_domain_rank_wikipedia.org,results_full_coded_ugc_frac_wikipedia.org_nan,results_top_three_domain_frac_wikipedia.org,results_top_three_domain_appears_wikipedia.org,results_top_three_coded_ugc_frac_wikipedia.org_nan,results_full_coded_ugc_frac_twitter.com,results_full_coded_ugc_frac_twitter.com_nan,results_top_three_coded_ugc_frac_twitter.com_nan,results_full_coded_ugc_frac_linkedin.com_nan,results_full_coded_ugc_frac_yelp.com_nan
count,84.0,84.0,84.0,84.0,64.0,64.0,64.0,32.0,39.0,39.0,1.0,1.0
mean,0.12366634688063259,1.0,4.178571428571429,0.12488734810163381,0.3333333333333332,1.0,0.3333333333333332,0.3606770833333333,0.14239926739926745,0.3333333333333335,0.08333333333333333,0.07692307692307693
std,0.02588992754470408,0.0,2.6533030757348435,0.02325044355847294,1.1189996278004203e-16,0.0,1.1189996278004203e-16,0.027208406403761657,0.0028594313179479834,1.6871045398363743e-16,,
min,0.06666666666666667,1.0,3.0,0.07692307692307693,0.3333333333333333,1.0,0.3333333333333333,0.25,0.125,0.3333333333333333,0.08333333333333333,0.07692307692307693
25%,0.12152777777777778,1.0,3.0,0.12152777777777778,0.3333333333333333,1.0,0.3333333333333333,0.3333333333333333,0.14285714285714285,0.3333333333333333,0.08333333333333333,0.07692307692307693
50%,0.125,1.0,3.0,0.125,0.3333333333333333,1.0,0.3333333333333333,0.375,0.14285714285714285,0.3333333333333333,0.08333333333333333,0.07692307692307693
75%,0.14285714285714285,1.0,3.0,0.14285714285714285,0.3333333333333333,1.0,0.3333333333333333,0.375,0.14285714285714285,0.3333333333333333,0.08333333333333333,0.07692307692307693
max,0.16666666666666666,1.0,13.0,0.16666666666666666,0.3333333333333333,1.0,0.3333333333333333,0.375,0.14285714285714285,0.3333333333333333,0.08333333333333333,0.07692307692307693
