,results_full_domain_frac_wikipedia.org,results_full_domain_appears_wikipedia.org,results_full_domain_rank_wikipedia.org,results_top_three_domain_frac_wikipedia.org,results_top_three_domain_appears_wikipedia.org,results_top_domain_frac_wikipedia.org,results_top_domain_appears_wikipedia.org,results_full_domain_frac_SearchTweetCarousel,results_full_domain_appears_SearchTweetCarousel,results_full_domain_rank_SearchTweetCarousel,results_top_three_domain_frac_SearchTweetCarousel,results_top_three_domain_appears_SearchTweetCarousel,results_full_domain_frac_twitter.com,results_full_domain_appears_twitter.com,results_full_domain_rank_twitter.com,results_top_three_domain_frac_twitter.com,results_top_three_domain_appears_twitter.com
count,147.0,147.0,147.0,80.0,80.0,40.0,40.0,58.0,58.0,58.0,58.0,58.0,120.0,120.0,120.0,98.0,98.0
mean,0.08366331115114825,1.0,3.707482993197279,0.3333333333333331,1.0,1.0,1.0,0.05386670699737845,1.0,2.310344827586207,0.11111111111111098,1.0,0.13325566933926047,1.0,2.85,0.2653061224489791,1.0
std,0.04162034616517681,0.0,2.3377804845380283,0.2054120075044402,0.0,0.0,0.0,0.0024433332522436047,0.0,0.4666753088820374,1.2599094146448557e-16,0.0,0.04594169225194382,0.0,0.7059173660784185,0.08233677210105753,0.0
min,0.05,1.0,1.0,0.16666666666666666,1.0,1.0,1.0,0.05,1.0,2.0,0.1111111111111111,1.0,0.0625,1.0,2.0,0.16666666666666666,1.0
25%,0.058823529411764705,1.0,1.5,0.16666666666666666,1.0,1.0,1.0,0.05065789473684211,1.0,2.0,0.1111111111111111,1.0,0.07692307692307693,1.0,2.0,0.16666666666666666,1.0
50%,0.06666666666666667,1.0,3.0,0.25,1.0,1.0,1.0,0.05555555555555555,1.0,2.0,0.1111111111111111,1.0,0.15789473684210525,1.0,3.0,0.3333333333333333,1.0
75%,0.1,1.0,6.0,0.41666666666666663,1.0,1.0,1.0,0.05555555555555555,1.0,3.0,0.1111111111111111,1.0,0.16666666666666666,1.0,3.0,0.3333333333333333,1.0
max,0.18181818181818182,1.0,10.0,0.6666666666666666,1.0,1.0,1.0,0.05555555555555555,1.0,3.0,0.1111111111111111,1.0,0.17647058823529413,1.0,4.0,0.3333333333333333,1.0
