,results_full_domain_frac_wikipedia.org,results_full_domain_appears_wikipedia.org,results_full_domain_rank_wikipedia.org,results_full_coded_ugc_frac_wikipedia.org_nan,results_top_three_domain_frac_wikipedia.org,results_top_three_domain_appears_wikipedia.org,results_top_three_coded_ugc_frac_wikipedia.org_nan,results_top_domain_frac_wikipedia.org,results_top_domain_appears_wikipedia.org,results_top_coded_ugc_frac_wikipedia.org_nan,results_full_coded_ugc_frac_facebook.com_tfo$,results_full_coded_ugc_frac_twitter.com,results_top_three_coded_ugc_frac_twitter.com,results_full_coded_ugc_frac_twitter.com_tfo$,results_top_three_coded_ugc_frac_twitter.com_tfo$,results_full_coded_ugc_frac_youtube.com_nan,results_full_coded_ugc_frac_youtube.com_tfo$,results_full_coded_ugc_frac_youtube.com_ttiz,results_full_coded_ugc_frac_yelp.com_nan,results_top_three_coded_ugc_frac_yelp.com_nan
count,800.0,800.0,800.0,800.0,800.0,800.0,800.0,800.0,800.0,800.0,800.0,800.0,800.0,800.0,800.0,800.0,800.0,800.0,800.0,800.0
mean,0.032619970307470186,0.3475,1.785,0.03364298895548881,0.03858333333333331,0.11375,0.03858333333333331,0.0075,0.0075,0.0075,0.004979166666666668,0.0250625,0.045000000000000054,0.003526785714285713,0.00833333333333333,0.0008035714285714284,0.004469246031746032,0.002253787878787878,0.0018464209401709397,0.0017499999999999998
std,0.04719859160706193,0.47647406479054427,2.807334395473778,0.04808548314371169,0.11264234493448995,0.3177060101510615,0.11264234493448995,0.08633114347045433,0.08633114347045433,0.08633114347045433,0.023388337957864453,0.08836988630990011,0.15813367074180515,0.02205484019359134,0.05207420654284674,0.01015472180857619,0.02399453186878687,0.014088295305410349,0.016380576156377325,0.028149110287128444
min,0.0,0.0,0.0,0.0,0.0,0.0,0.0,0.0,0.0,0.0,0.0,0.0,0.0,0.0,0.0,0.0,0.0,0.0,0.0,0.0
25%,0.0,0.0,0.0,0.0,0.0,0.0,0.0,0.0,0.0,0.0,0.0,0.0,0.0,0.0,0.0,0.0,0.0,0.0,0.0,0.0
50%,0.0,0.0,0.0,0.0,0.0,0.0,0.0,0.0,0.0,0.0,0.0,0.0,0.0,0.0,0.0,0.0,0.0,0.0,0.0,0.0
75%,0.08333333333333333,1.0,3.0,0.08333333333333333,0.0,0.0,0.0,0.0,0.0,0.0,0.0,0.0,0.0,0.0,0.0,0.0,0.0,0.0,0.0,0.0
max,0.16666666666666666,1.0,11.0,0.16666666666666666,0.6666666666666666,1.0,0.6666666666666666,1.0,1.0,1.0,0.125,0.375,0.6,0.14285714285714285,0.3333333333333333,0.14285714285714285,0.14285714285714285,0.09090909090909091,0.25,0.6666666666666666
