,results_full_domain_frac_wikipedia.org,results_full_domain_appears_wikipedia.org,results_full_domain_rank_wikipedia.org,results_full_domain_count_wikipedia.org,results_top_three_domain_frac_wikipedia.org,results_top_three_domain_appears_wikipedia.org,results_top_domain_frac_wikipedia.org,results_top_domain_appears_wikipedia.org,results_full_domain_frac_twitter.com,results_full_domain_appears_twitter.com,results_full_domain_rank_twitter.com,results_full_domain_count_twitter.com,results_top_three_domain_frac_twitter.com,results_top_three_domain_appears_twitter.com
count,171.0,171.0,171.0,171.0,80.0,80.0,40.0,40.0,80.0,80.0,80.0,80.0,58.0,58.0
mean,0.08277150492402231,1.0,4.105263157894737,1.1169590643274854,0.3333333333333331,1.0,1.0,1.0,0.11657210050011912,1.0,3.275,2.0,0.21839080459770133,1.0
std,0.03832709496171221,0.0,2.507758857857764,0.32231532526805035,0.2054120075044402,0.0,0.0,0.0,0.048341080392829625,0.0,0.44933143021295013,1.0063092108532552,0.07777921814700628,0.0
min,0.05,1.0,1.0,1.0,0.16666666666666666,1.0,1.0,1.0,0.0625,1.0,3.0,1.0,0.16666666666666666,1.0
25%,0.0625,1.0,2.0,1.0,0.16666666666666666,1.0,1.0,1.0,0.0733173076923077,1.0,3.0,1.0,0.16666666666666666,1.0
50%,0.06666666666666667,1.0,4.0,1.0,0.25,1.0,1.0,1.0,0.11346153846153846,1.0,3.0,2.0,0.16666666666666666,1.0
75%,0.07692307692307693,1.0,6.0,1.0,0.41666666666666663,1.0,1.0,1.0,0.16253869969040247,1.0,4.0,3.0,0.3333333333333333,1.0
max,0.18181818181818182,1.0,10.0,2.0,0.6666666666666666,1.0,1.0,1.0,0.17647058823529413,1.0,4.0,3.0,0.3333333333333333,1.0
