,results_full_domain_frac_wikipedia.org,results_full_domain_appears_wikipedia.org,results_full_domain_rank_wikipedia.org,results_top_three_domain_frac_wikipedia.org,results_top_three_domain_appears_wikipedia.org,results_top_domain_frac_wikipedia.org,results_top_domain_appears_wikipedia.org,results_full_domain_frac_youtube.com,results_full_domain_appears_youtube.com,results_full_domain_rank_youtube.com
count,342.0,342.0,342.0,41.0,41.0,40.0,40.0,120.0,120.0,120.0
mean,0.09453736646719109,1.0,5.011695906432749,0.6422764227642279,1.0,1.0,1.0,0.09867424242424254,1.0,8.908333333333333
std,0.03208649137327867,0.0,2.1456859920464075,0.0878838849606249,0.0,0.0,0.0,0.030733862777747988,0.0,2.026073046263516
min,0.0625,1.0,1.0,0.3333333333333333,1.0,1.0,1.0,0.06666666666666667,1.0,6.0
25%,0.08333333333333333,1.0,4.0,0.6666666666666666,1.0,1.0,1.0,0.06666666666666667,1.0,6.0
50%,0.09090909090909091,1.0,5.0,0.6666666666666666,1.0,1.0,1.0,0.09090909090909091,1.0,9.5
75%,0.09090909090909091,1.0,5.0,0.6666666666666666,1.0,1.0,1.0,0.125,1.0,11.0
max,0.18181818181818182,1.0,11.0,0.6666666666666666,1.0,1.0,1.0,0.18181818181818182,1.0,11.0
