,results_full_domain_frac_wikipedia.org,results_full_domain_appears_wikipedia.org,results_full_domain_rank_wikipedia.org,results_full_coded_ugc_frac_wikipedia.org_nan,results_top_three_domain_frac_wikipedia.org,results_top_three_domain_appears_wikipedia.org,results_top_three_coded_ugc_frac_wikipedia.org_nan,results_top_domain_frac_wikipedia.org,results_top_domain_appears_wikipedia.org,results_top_coded_ugc_frac_wikipedia.org_nan,results_full_domain_frac_youtube.com,results_full_domain_appears_youtube.com,results_full_domain_rank_youtube.com,results_full_coded_ugc_frac_youtube.com_nan
count,342.0,342.0,342.0,342.0,41.0,41.0,41.0,40.0,40.0,40.0,120.0,120.0,120.0,120.0
mean,0.09502469590188896,1.0,5.011695906432749,0.09622427604883756,0.6422764227642279,1.0,0.6422764227642279,1.0,1.0,1.0,0.10303932178932196,1.0,8.908333333333333,0.11384518259518288
std,0.03162315864077344,0.0,2.1456859920464075,0.03070318291609426,0.0878838849606249,0.0,0.0878838849606249,0.0,0.0,0.0,0.03164394192390029,0.0,2.026073046263516,0.035177233434679434
min,0.06666666666666667,1.0,1.0,0.07692307692307693,0.3333333333333333,1.0,0.3333333333333333,1.0,1.0,1.0,0.07142857142857142,1.0,6.0,0.08333333333333333
25%,0.08333333333333333,1.0,4.0,0.08333333333333333,0.6666666666666666,1.0,0.6666666666666666,1.0,1.0,1.0,0.07142857142857142,1.0,6.0,0.08333333333333333
50%,0.09090909090909091,1.0,5.0,0.09090909090909091,0.6666666666666666,1.0,0.6666666666666666,1.0,1.0,1.0,0.09090909090909091,1.0,9.5,0.09090909090909091
75%,0.09090909090909091,1.0,5.0,0.09090909090909091,0.6666666666666666,1.0,0.6666666666666666,1.0,1.0,1.0,0.13333333333333333,1.0,11.0,0.15384615384615385
max,0.18181818181818182,1.0,11.0,0.18181818181818182,0.6666666666666666,1.0,0.6666666666666666,1.0,1.0,1.0,0.18181818181818182,1.0,11.0,0.18181818181818182
